TableName,sessionID,transactionID,group,Period,maker,taker,price,transactionVolume,limitVolume,sellerID,buyerID,isBid,offerID,orderID,offerTime,transactionTime,remainingVolume,isActive,bestAskBefore,bestBidBefore,bestAskAfter,bestBidAfter
Transactions,abc12345,1,1,1,49,7,40.16,1,1,7,49,True,1,1,10.11,11.68,0,False,,,40.16,40.16
Transactions,abc12345,2,1,1,36,3,60.67,1,1,3,36,True,2,2,12.05,13.45,0,False,40.16,40.16,40.16,60.67
Transactions,abc12345,3,1,1,5,35,38.98,1,1,35,5,True,3,3,11.38,14.03,0,False,40.16,60.67,38.98,60.67
Transactions,abc12345,4,1,1,5,16,63.66,1,1,16,5,True,4,4,13.45,14.35,0,False,38.98,60.67,38.98,63.66
Transactions,abc12345,5,1,1,19,28,56.23,1,1,28,19,True,5,5,13.64,15.63,0,False,38.98,63.66,38.98,63.66
Transactions,abc12345,6,1,1,40,35,62.96,1,1,35,40,True,6,6,22.47,23.59,0,False,38.98,63.66,38.98,63.66
Transactions,abc12345,7,1,1,25,31,58.94,1,1,31,25,True,7,7,23.44,26.16,0,False,38.98,63.66,38.98,63.66
Transactions,abc12345,8,1,1,42,45,64.91,1,1,45,42,True,8,8,24.3,26.72,0,False,38.98,63.66,38.98,64.91
Transactions,abc12345,9,1,1,32,23,62.31,1,1,23,32,True,9,9,29.63,30.14,0,False,38.98,64.91,38.98,64.91
Transactions,abc12345,10,1,1,49,8,69.61,1,1,8,49,True,10,10,34.11,35.27,0,False,38.98,64.91,38.98,69.61
Transactions,abc12345,11,1,1,11,41,81.27,1,1,41,11,True,11,11,36.11,38.78,0,False,38.98,69.61,38.98,81.27
Transactions,abc12345,12,1,1,17,16,110,1,1,16,17,True,12,12,38.22,39.99,0,False,38.98,81.27,38.98,110
Transactions,abc12345,13,1,1,27,43,62.91,1,1,43,27,True,13,13,41.47,44.35,0,False,38.98,110,38.98,110
Transactions,abc12345,14,1,1,11,31,72.18,1,1,31,11,True,14,14,46.7,48.7,0,False,38.98,110,38.98,110
Transactions,abc12345,15,1,1,39,31,94.82,1,1,31,39,True,15,15,49.76,52.72,0,False,38.98,110,38.98,110
Transactions,abc12345,16,1,1,17,33,72.94,1,1,33,17,True,16,16,57.46,58.1,0,False,38.98,110,38.98,110
Transactions,abc12345,17,1,1,36,21,81.84,1,1,21,36,True,17,17,62.79,63.46,0,False,38.98,110,38.98,110
Transactions,abc12345,18,1,1,42,7,82.55,1,1,7,42,True,18,18,62.15,64.56,0,False,38.98,110,38.98,110
Transactions,abc12345,19,1,1,5,18,28.78,1,1,18,5,True,19,19,66.6,67.76,0,False,38.98,110,28.78,110
Transactions,abc12345,20,1,1,1,28,78.32,1,1,28,1,True,20,20,68.49,71.4,0,False,28.78,110,28.78,110
Transactions,abc12345,21,1,1,25,41,61.07,1,1,41,25,True,21,21,79.16,80.44,0,False,28.78,110,28.78,110
Transactions,abc12345,22,1,1,19,16,68.7,1,1,16,19,True,22,22,80.54,81.97,0,False,28.78,110,28.78,110
Transactions,abc12345,23,1,1,11,38,63.79,1,1,38,11,True,23,23,87.02,88.37,0,False,28.78,110,28.78,110
Transactions,abc12345,24,1,1,36,7,80,1,1,7,36,True,24,24,93.33,94.41,0,False,28.78,110,28.78,110
Transactions,abc12345,25,1,1,10,31,105,1,1,31,10,True,25,25,99.05,100.12,0,False,28.78,110,28.78,110
Transactions,abc12345,26,1,1,24,48,80.36,1,1,48,24,True,26,26,110.08,110.75,0,False,28.78,110,28.78,110
Transactions,abc12345,27,1,1,10,14,51.75,1,1,14,10,True,27,27,111.02,111.85,0,False,28.78,110,28.78,110
Transactions,abc12345,28,1,1,36,15,37.19,1,1,15,36,True,28,28,111.53,113.21,0,False,28.78,110,28.78,110
Transactions,abc12345,29,1,1,39,38,75.31,1,1,38,39,True,29,29,114.82,116.4,0,False,28.78,110,28.78,110
Transactions,abc12345,30,1,1,4,38,92.14,1,1,38,4,True,30,30,116.27,117.94,0,False,28.78,110,28.78,110
Transactions,abc12345,31,1,1,42,21,50,1,1,21,42,True,31,31,119.51,120.25,0,False,28.78,110,28.78,110
Transactions,abc12345,32,1,1,13,41,55,1,1,41,13,True,32,32,119.7,121.05,0,False,28.78,110,28.78,110
Transactions,abc12345,33,1,1,12,45,87.56,1,1,45,12,True,33,33,122.56,123.41,0,False,28.78,110,28.78,110
Transactions,abc12345,34,1,1,46,14,89.67,1,1,14,46,True,34,34,124.54,126.2,0,False,28.78,110,28.78,110
Transactions,abc12345,35,1,1,20,6,74.43,1,1,6,20,True,35,35,134.17,134.92,0,False,28.78,110,28.78,110
Transactions,abc12345,36,1,1,19,9,25,1,1,9,19,True,36,36,133.15,135.74,0,False,28.78,110,25,110
Transactions,abc12345,37,1,1,20,45,84.84,1,1,45,20,True,37,37,140.24,141.27,0,False,25,110,25,110
Transactions,abc12345,38,1,1,13,21,95,1,1,21,13,True,38,38,143.26,144.17,0,False,25,110,25,110
Transactions,abc12345,39,1,1,26,28,82.16,1,1,28,26,True,39,39,144.66,146.3,0,False,25,110,25,110
Transactions,abc12345,40,1,1,4,8,90,1,1,8,4,True,40,40,147.08,149.97,0,False,25,110,25,110
Transactions,abc12345,41,1,1,25,2,48.06,1,1,2,25,True,41,41,150.66,151.9,0,False,25,110,25,110
Transactions,abc12345,42,1,1,24,15,57.83,1,1,15,24,True,42,42,152.71,155.05,0,False,25,110,25,110
Transactions,abc12345,43,1,1,24,41,70.38,1,1,41,24,True,43,43,153.49,155.18,0,False,25,110,25,110
Transactions,abc12345,44,1,1,11,37,47.52,1,1,37,11,True,44,44,159.33,159.97,0,False,25,110,25,110
Transactions,abc12345,45,1,1,25,23,51.31,1,1,23,25,True,45,45,160.89,161.56,0,False,25,110,25,110
Transactions,abc12345,46,1,1,10,28,75,1,1,28,10,True,46,46,161.29,162.09,0,False,25,110,25,110
Transactions,abc12345,47,1,2,24,21,50.56,1,1,21,24,True,47,47,2.74,3.35,0,False,,,50.56,50.56
Transactions,abc12345,48,1,2,32,41,43.73,1,1,41,32,True,48,48,13.72,14.55,0,False,50.56,50.56,43.73,50.56
Transactions,abc12345,49,1,2,30,47,66.43,1,1,47,30,True,49,49,13.1,14.67,0,False,43.73,50.56,43.73,66.43
Transactions,abc12345,50,1,2,26,23,48.11,1,1,23,26,True,50,50,19.83,20.52,0,False,43.73,66.43,43.73,66.43
Transactions,abc12345,51,1,2,34,43,39.6,1,1,43,34,True,51,51,20.01,21.97,0,False,43.73,66.43,39.6,66.43
Transactions,abc12345,52,1,2,5,28,59.28,1,1,28,5,True,52,52,24.41,25.23,0,False,39.6,66.43,39.6,66.43
Transactions,abc12345,53,1,2,17,48,93.96,1,1,48,17,True,53,53,26.64,29.29,0,False,39.6,66.43,39.6,93.96
Transactions,abc12345,54,1,2,22,37,46.84,1,1,37,22,True,54,54,35.02,37.22,0,False,39.6,93.96,39.6,93.96
Transactions,abc12345,55,1,2,19,23,62.26,1,1,23,19,True,55,55,34.65,37.34,0,False,39.6,93.96,39.6,93.96
Transactions,abc12345,56,1,2,1,8,85.34,1,1,8,1,True,56,56,37.99,38.88,0,False,39.6,93.96,39.6,93.96
Transactions,abc12345,57,1,2,10,47,104.06,1,1,47,10,True,57,57,40.59,43.29,0,False,39.6,93.96,39.6,104.06
Transactions,abc12345,58,1,2,26,47,74.44,1,1,47,26,True,58,58,45.33,47.67,0,False,39.6,104.06,39.6,104.06
Transactions,abc12345,59,1,2,32,28,77.37,1,1,28,32,True,59,59,45.35,47.88,0,False,39.6,104.06,39.6,104.06
Transactions,abc12345,60,1,2,30,47,80,1,1,47,30,True,60,60,46.65,49.12,0,False,39.6,104.06,39.6,104.06
Transactions,abc12345,61,1,2,12,28,104.12,1,1,28,12,True,61,61,52.74,53.79,0,False,39.6,104.06,39.6,104.12
Transactions,abc12345,62,1,2,40,3,41.23,1,1,3,40,True,62,62,52.64,53.9,0,False,39.6,104.12,39.6,104.12
Transactions,abc12345,63,1,2,10,45,72.99,1,1,45,10,True,63,63,55.38,56.7,0,False,39.6,104.12,39.6,104.12
Transactions,abc12345,64,1,2,20,14,64.54,1,1,14,20,True,64,64,64.55,65.93,0,False,39.6,104.12,39.6,104.12
Transactions,abc12345,65,1,2,11,28,75,1,1,28,11,True,65,65,69.14,70.47,0,False,39.6,104.12,39.6,104.12
Transactions,abc12345,66,1,2,26,23,55,1,1,23,26,True,66,66,71.83,74.53,0,False,39.6,104.12,39.6,104.12
Transactions,abc12345,67,1,2,30,37,40,1,1,37,30,True,67,67,80.69,81.28,0,False,39.6,104.12,39.6,104.12
Transactions,abc12345,68,1,2,1,6,37.3,1,1,6,1,True,68,68,85.15,86.52,0,False,39.6,104.12,37.3,104.12
Transactions,abc12345,69,1,2,32,6,44.2,1,1,6,32,True,69,69,90.98,92.44,0,False,37.3,104.12,37.3,104.12
Transactions,abc12345,70,1,2,36,33,58.36,1,1,33,36,True,70,70,96.57,97.71,0,False,37.3,104.12,37.3,104.12
Transactions,abc12345,71,1,2,34,6,90,1,1,6,34,True,71,71,101.13,102.98,0,False,37.3,104.12,37.3,104.12
Transactions,abc12345,72,1,2,49,8,74.54,1,1,8,49,True,72,72,103.86,104.85,0,False,37.3,104.12,37.3,104.12
Transactions,abc12345,73,1,2,4,21,105,1,1,21,4,True,73,73,104.58,106.64,0,False,37.3,104.12,37.3,105
Transactions,abc12345,74,1,2,19,23,70,1,1,23,19,True,74,74,105.52,107.82,0,False,37.3,105,37.3,105
Transactions,abc12345,75,1,2,17,15,57.34,1,1,15,17,True,75,75,107.65,109.15,0,False,37.3,105,37.3,105
Transactions,abc12345,76,1,2,17,16,73.24,1,1,16,17,True,76,76,110.9,111.72,0,False,37.3,105,37.3,105
Transactions,abc12345,77,1,2,4,41,86.74,1,1,41,4,True,77,77,112.38,115.14,0,False,37.3,105,37.3,105
Transactions,abc12345,78,1,2,1,18,43.5,1,1,18,1,True,78,78,115.51,116.77,0,False,37.3,105,37.3,105
Transactions,abc12345,79,1,2,25,31,59.56,1,1,31,25,True,79,79,115.74,118.2,0,False,37.3,105,37.3,105
Transactions,abc12345,80,1,2,32,7,59.66,1,1,7,32,True,80,80,124.3,125.9,0,False,37.3,105,37.3,105
Transactions,abc12345,81,1,2,34,45,50,1,1,45,34,True,81,81,123.25,126.15,0,False,37.3,105,37.3,105
Transactions,abc12345,82,1,2,42,33,74.48,1,1,33,42,True,82,82,129.93,132.07,0,False,37.3,105,37.3,105
Transactions,abc12345,83,1,2,17,15,45.41,1,1,15,17,True,83,83,142.63,143.36,0,False,37.3,105,37.3,105
Transactions,abc12345,84,1,2,10,41,55,1,1,41,10,True,84,84,144.96,146.24,0,False,37.3,105,37.3,105
Transactions,abc12345,85,1,2,27,37,92.19,1,1,37,27,True,85,85,152.43,154.11,0,False,37.3,105,37.3,105
Transactions,abc12345,86,1,2,20,7,69.26,1,1,7,20,True,86,86,152.85,154.39,0,False,37.3,105,37.3,105
Transactions,abc12345,87,1,2,34,18,60,1,1,18,34,True,87,87,156.89,158.62,0,False,37.3,105,37.3,105
Transactions,abc12345,88,1,2,49,31,85,1,1,31,49,True,88,88,160.97,163.7,0,False,37.3,105,37.3,105
Transactions,abc12345,89,1,2,12,35,68.44,1,1,35,12,True,89,89,162.2,164.43,0,False,37.3,105,37.3,105
Transactions,abc12345,90,1,2,11,29,87.99,1,1,29,11,True,90,90,170.9,172.79,0,False,37.3,105,37.3,105
Transactions,abc12345,91,1,2,12,7,80,1,1,7,12,True,91,91,172.5,174.32,0,False,37.3,105,37.3,105
Transactions,abc12345,92,1,2,1,2,60,1,1,2,1,True,92,92,173.44,174.73,0,False,37.3,105,37.3,105
Transactions,abc12345,93,1,3,1,33,56.62,1,1,33,1,True,93,93,1.31,3.02,0,False,,,56.62,56.62
Transactions,abc12345,94,1,3,13,50,70.25,1,1,50,13,True,94,94,10.94,13.11,0,False,56.62,56.62,56.62,70.25
Transactions,abc12345,95,1,3,13,8,73.36,1,1,8,13,True,95,95,14.59,15.4,0,False,56.62,70.25,56.62,73.36
Transactions,abc12345,96,1,3,1,7,76.82,1,1,7,1,True,96,96,25.37,25.94,0,False,56.62,73.36,56.62,76.82
Transactions,abc12345,97,1,3,13,9,52.89,1,1,9,13,True,97,97,35.68,37.78,0,False,56.62,76.82,52.89,76.82
Transactions,abc12345,98,1,3,5,38,68.18,1,1,38,5,True,98,98,41.05,42.01,0,False,52.89,76.82,52.89,76.82
Transactions,abc12345,99,1,3,30,3,56.58,1,1,3,30,True,99,99,43.43,44.77,0,False,52.89,76.82,52.89,76.82
Transactions,abc12345,100,1,3,13,45,65,1,1,45,13,True,100,100,44.46,46.84,0,False,52.89,76.82,52.89,76.82
Transactions,abc12345,101,1,3,40,45,81.17,1,1,45,40,True,101,101,46.63,49.01,0,False,52.89,76.82,52.89,81.17
Transactions,abc12345,102,1,3,24,48,56.18,1,1,48,24,True,102,102,48.44,49.51,0,False,52.89,81.17,52.89,81.17
Transactions,abc12345,103,1,3,20,41,67.39,1,1,41,20,True,103,103,50.85,51.43,0,False,52.89,81.17,52.89,81.17
Transactions,abc12345,104,1,3,10,37,64.52,1,1,37,10,True,104,104,54.71,57.31,0,False,52.89,81.17,52.89,81.17
Transactions,abc12345,105,1,3,44,43,66.67,1,1,43,44,True,105,105,62.07,62.85,0,False,52.89,81.17,52.89,81.17
Transactions,abc12345,106,1,3,27,38,92.66,1,1,38,27,True,106,106,65.56,67.81,0,False,52.89,81.17,52.89,92.66
Transactions,abc12345,107,1,3,22,47,39.81,1,1,47,22,True,107,107,70.22,72.51,0,False,52.89,92.66,39.81,92.66
Transactions,abc12345,108,1,3,46,14,41.88,1,1,14,46,True,108,108,73.16,73.93,0,False,39.81,92.66,39.81,92.66
Transactions,abc12345,109,1,3,26,14,46.8,1,1,14,26,True,109,109,73.05,74.49,0,False,39.81,92.66,39.81,92.66
Transactions,abc12345,110,1,3,49,37,55.76,1,1,37,49,True,110,110,73.99,74.68,0,False,39.81,92.66,39.81,92.66
Transactions,abc12345,111,1,3,49,16,62.62,1,1,16,49,True,111,111,82.86,84.12,0,False,39.81,92.66,39.81,92.66
Transactions,abc12345,112,1,3,34,15,88.6,1,1,15,34,True,112,112,86.81,89.33,0,False,39.81,92.66,39.81,92.66
Transactions,abc12345,113,1,3,1,29,47.54,1,1,29,1,True,113,113,90.76,92.18,0,False,39.81,92.66,39.81,92.66
Transactions,abc12345,114,1,3,25,16,85.17,1,1,16,25,True,114,114,94.09,95.45,0,False,39.81,92.66,39.81,92.66
Transactions,abc12345,115,1,3,40,6,85,1,1,6,40,True,115,115,93.78,95.87,0,False,39.81,92.66,39.81,92.66
Transactions,abc12345,116,1,3,39,2,90.86,1,1,2,39,True,116,116,95.6,96.48,0,False,39.81,92.66,39.81,92.66
Transactions,abc12345,117,1,3,46,8,50,1,1,8,46,True,117,117,94.74,96.78,0,False,39.81,92.66,39.81,92.66
Transactions,abc12345,118,1,3,36,41,70.63,1,1,41,36,True,118,118,101.34,103.05,0,False,39.81,92.66,39.81,92.66
Transactions,abc12345,119,1,3,40,8,65,1,1,8,40,True,119,119,106.88,107.99,0,False,39.81,92.66,39.81,92.66
Transactions,abc12345,120,1,3,20,45,66.72,1,1,45,20,True,120,120,107.72,110.43,0,False,39.81,92.66,39.81,92.66
Transactions,abc12345,121,1,3,10,41,55,1,1,41,10,True,121,121,110.87,112.32,0,False,39.81,92.66,39.81,92.66
Transactions,abc12345,122,1,3,26,6,71.63,1,1,6,26,True,122,122,119.43,122.05,0,False,39.81,92.66,39.81,92.66
Transactions,abc12345,123,1,3,46,6,69.37,1,1,6,46,True,123,123,120.97,122.33,0,False,39.81,92.66,39.81,92.66
Transactions,abc12345,124,1,3,44,2,85,1,1,2,44,True,124,124,121.51,124.21,0,False,39.81,92.66,39.81,92.66
Transactions,abc12345,125,1,3,36,31,52.82,1,1,31,36,True,125,125,125.33,126.43,0,False,39.81,92.66,39.81,92.66
Transactions,abc12345,126,1,3,36,41,72.41,1,1,41,36,True,126,126,130.22,131.32,0,False,39.81,92.66,39.81,92.66
Transactions,abc12345,127,1,3,11,16,77.57,1,1,16,11,True,127,127,131.81,132.35,0,False,39.81,92.66,39.81,92.66
Transactions,abc12345,128,1,3,17,33,60.8,1,1,33,17,True,128,128,132.94,134.45,0,False,39.81,92.66,39.81,92.66
Transactions,abc12345,129,1,3,10,14,58.81,1,1,14,10,True,129,129,132.6,134.49,0,False,39.81,92.66,39.81,92.66
Transactions,abc12345,130,1,3,22,28,48.48,1,1,28,22,True,130,130,142.7,145.69,0,False,39.81,92.66,39.81,92.66
Transactions,abc12345,131,1,3,36,50,48.81,1,1,50,36,True,131,131,148.38,149.65,0,False,39.81,92.66,39.81,92.66
Transactions,abc12345,132,1,3,10,23,60,1,1,23,10,True,132,132,147.91,150.21,0,False,39.81,92.66,39.81,92.66
Transactions,abc12345,133,1,3,22,23,56.28,1,1,23,22,True,133,133,154.99,157.22,0,False,39.81,92.66,39.81,92.66
Transactions,abc12345,134,1,3,27,37,55,1,1,37,27,True,134,134,156.19,158.54,0,False,39.81,92.66,39.81,92.66
Transactions,abc12345,135,1,3,17,8,80,1,1,8,17,True,135,135,164.95,166.94,0,False,39.81,92.66,39.81,92.66
Transactions,abc12345,136,1,4,1,33,56.68,1,1,33,1,True,136,136,1.68,4.12,0,False,,,56.68,56.68
Transactions,abc12345,137,1,4,13,38,79.29,1,1,38,13,True,137,137,7.9,9.87,0,False,56.68,56.68,56.68,79.29
Transactions,abc12345,138,1,4,4,14,60.35,1,1,14,4,True,138,138,9.51,11.43,0,False,56.68,79.29,56.68,79.29
Transactions,abc12345,139,1,4,24,15,72.81,1,1,15,24,True,139,139,10.9,13.3,0,False,56.68,79.29,56.68,79.29
Transactions,abc12345,140,1,4,44,37,62.81,1,1,37,44,True,140,140,15.57,16.74,0,False,56.68,79.29,56.68,79.29
Transactions,abc12345,141,1,4,20,47,68.47,1,1,47,20,True,141,141,18.86,19.75,0,False,56.68,79.29,56.68,79.29
Transactions,abc12345,142,1,4,4,38,84.34,1,1,38,4,True,142,142,19.51,21.74,0,False,56.68,79.29,56.68,84.34
Transactions,abc12345,143,1,4,39,14,82.19,1,1,14,39,True,143,143,22.69,23.9,0,False,56.68,84.34,56.68,84.34
Transactions,abc12345,144,1,4,40,21,69.51,1,1,21,40,True,144,144,26.03,28.25,0,False,56.68,84.34,56.68,84.34
Transactions,abc12345,145,1,4,30,16,49.2,1,1,16,30,True,145,145,43.94,44.94,0,False,56.68,84.34,49.2,84.34
Transactions,abc12345,146,1,4,12,7,59.25,1,1,7,12,True,146,146,44.62,45.68,0,False,49.2,84.34,49.2,84.34
Transactions,abc12345,147,1,4,5,45,71.31,1,1,45,5,True,147,147,50.28,51.19,0,False,49.2,84.34,49.2,84.34
Transactions,abc12345,148,1,4,17,15,70.07,1,1,15,17,True,148,148,50.17,52.54,0,False,49.2,84.34,49.2,84.34
Transactions,abc12345,149,1,4,36,14,64.98,1,1,14,36,True,149,149,51.99,53.25,0,False,49.2,84.34,49.2,84.34
Transactions,abc12345,150,1,4,13,45,75.87,1,1,45,13,True,150,150,52.54,54.29,0,False,49.2,84.34,49.2,84.34
Transactions,abc12345,151,1,4,39,38,78.83,1,1,38,39,True,151,151,59.36,60.94,0,False,49.2,84.34,49.2,84.34
Transactions,abc12345,152,1,4,32,15,79.16,1,1,15,32,True,152,152,63.31,64.43,0,False,49.2,84.34,49.2,84.34
Transactions,abc12345,153,1,4,20,33,85,1,1,33,20,True,153,153,72.06,74.0,0,False,49.2,84.34,49.2,85
Transactions,abc12345,154,1,4,26,41,62.09,1,1,41,26,True,154,154,82.64,84.82,0,False,49.2,85,49.2,85
Transactions,abc12345,155,1,4,30,9,78.69,1,1,9,30,True,155,155,85.4,87.07,0,False,49.2,85,49.2,85
Transactions,abc12345,156,1,4,44,38,82.54,1,1,38,44,True,156,156,95.76,98.55,0,False,49.2,85,49.2,85
Transactions,abc12345,157,1,4,46,15,75,1,1,15,46,True,157,157,98.9,101.82,0,False,49.2,85,49.2,85
Transactions,abc12345,158,1,4,39,48,69.47,1,1,48,39,True,158,158,103.61,105.13,0,False,49.2,85,49.2,85
Transactions,abc12345,159,1,4,32,8,69.79,1,1,8,32,True,159,159,110.82,112.35,0,False,49.2,85,49.2,85
Transactions,abc12345,160,1,4,19,3,71.84,1,1,3,19,True,160,160,121.95,124.49,0,False,49.2,85,49.2,85
Transactions,abc12345,161,1,4,25,29,55.82,1,1,29,25,True,161,161,130.92,132.23,0,False,49.2,85,49.2,85
Transactions,abc12345,162,1,4,42,3,75.42,1,1,3,42,True,162,162,139.67,142.33,0,False,49.2,85,49.2,85
Transactions,abc12345,163,1,4,26,8,79.94,1,1,8,26,True,163,163,145.41,146.04,0,False,49.2,85,49.2,85
Transactions,abc12345,164,1,4,11,48,64.39,1,1,48,11,True,164,164,149.02,151.08,0,False,49.2,85,49.2,85
Transactions,abc12345,165,1,4,39,2,50.52,1,1,2,39,True,165,165,164.16,165.33,0,False,49.2,85,49.2,85
Transactions,abc12345,166,1,4,5,14,77.22,1,1,14,5,True,166,166,164.6,166.2,0,False,49.2,85,49.2,85
Transactions,abc12345,167,1,4,49,7,95.83,1,1,7,49,True,167,167,167.01,169.03,0,False,49.2,85,49.2,95.83
Transactions,abc12345,168,1,5,42,7,89.48,1,1,7,42,True,168,168,1.0,2.44,0,False,,,89.48,89.48
Transactions,abc12345,169,1,5,32,37,73.69,1,1,37,32,True,169,169,2.91,4.37,0,False,89.48,89.48,73.69,89.48
Transactions,abc12345,170,1,5,42,28,63.8,1,1,28,42,True,170,170,13.47,14.08,0,False,73.69,89.48,63.8,89.48
Transactions,abc12345,171,1,5,49,6,59.48,1,1,6,49,True,171,171,20.16,21.63,0,False,63.8,89.48,59.48,89.48
Transactions,abc12345,172,1,5,19,16,52.15,1,1,16,19,True,172,172,22.66,25.62,0,False,59.48,89.48,52.15,89.48
Transactions,abc12345,173,1,5,39,29,87.69,1,1,29,39,True,173,173,25.69,27.02,0,False,52.15,89.48,52.15,89.48
Transactions,abc12345,174,1,5,12,38,89.37,1,1,38,12,True,174,174,27.89,28.64,0,False,52.15,89.48,52.15,89.48
Transactions,abc12345,175,1,5,40,31,62.89,1,1,31,40,True,175,175,32.84,34.98,0,False,52.15,89.48,52.15,89.48
Transactions,abc12345,176,1,5,5,21,58.43,1,1,21,5,True,176,176,39.2,40.87,0,False,52.15,89.48,52.15,89.48
Transactions,abc12345,177,1,5,30,50,58.68,1,1,50,30,True,177,177,47.52,48.22,0,False,52.15,89.48,52.15,89.48
Transactions,abc12345,178,1,5,32,18,54.67,1,1,18,32,True,178,178,49.84,52.49,0,False,52.15,89.48,52.15,89.48
Transactions,abc12345,179,1,5,13,50,57.96,1,1,50,13,True,179,179,54.04,55.76,0,False,52.15,89.48,52.15,89.48
Transactions,abc12345,180,1,5,25,29,54.83,1,1,29,25,True,180,180,57.47,59.51,0,False,52.15,89.48,52.15,89.48
Transactions,abc12345,181,1,5,10,16,69.65,1,1,16,10,True,181,181,59.73,60.8,0,False,52.15,89.48,52.15,89.48
Transactions,abc12345,182,1,5,20,28,62.48,1,1,28,20,True,182,182,69.64,72.58,0,False,52.15,89.48,52.15,89.48
Transactions,abc12345,183,1,5,42,16,68.92,1,1,16,42,True,183,183,72.96,73.88,0,False,52.15,89.48,52.15,89.48
Transactions,abc12345,184,1,5,17,31,67.11,1,1,31,17,True,184,184,78.64,79.25,0,False,52.15,89.48,52.15,89.48
Transactions,abc12345,185,1,5,24,14,59.2,1,1,14,24,True,185,185,79.91,81.02,0,False,52.15,89.48,52.15,89.48
Transactions,abc12345,186,1,5,4,9,74.63,1,1,9,4,True,186,186,81.49,83.69,0,False,52.15,89.48,52.15,89.48
Transactions,abc12345,187,1,5,46,47,73.93,1,1,47,46,True,187,187,84.02,85.47,0,False,52.15,89.48,52.15,89.48
Transactions,abc12345,188,1,5,19,33,77.35,1,1,33,19,True,188,188,84.05,85.79,0,False,52.15,89.48,52.15,89.48
Transactions,abc12345,189,1,5,36,43,70.53,1,1,43,36,True,189,189,100.68,102.33,0,False,52.15,89.48,52.15,89.48
Transactions,abc12345,190,1,5,19,31,80,1,1,31,19,True,190,190,102.95,105.69,0,False,52.15,89.48,52.15,89.48
Transactions,abc12345,191,1,5,40,14,62.06,1,1,14,40,True,191,191,112.45,114.05,0,False,52.15,89.48,52.15,89.48
Transactions,abc12345,192,1,5,22,9,63.45,1,1,9,22,True,192,192,114.92,116.17,0,False,52.15,89.48,52.15,89.48
Transactions,abc12345,193,1,5,4,2,63.32,1,1,2,4,True,193,193,123.04,124.04,0,False,52.15,89.48,52.15,89.48
Transactions,abc12345,194,1,5,13,6,87.46,1,1,6,13,True,194,194,124.03,124.79,0,False,52.15,89.48,52.15,89.48
Transactions,abc12345,195,1,5,13,9,62.03,1,1,9,13,True,195,195,125.36,127.61,0,False,52.15,89.48,52.15,89.48
Transactions,abc12345,196,1,5,26,18,78.37,1,1,18,26,True,196,196,129.62,131.11,0,False,52.15,89.48,52.15,89.48
Transactions,abc12345,197,1,5,26,9,87.7,1,1,9,26,True,197,197,132.74,135.67,0,False,52.15,89.48,52.15,89.48
Transactions,abc12345,198,1,5,1,41,52.66,1,1,41,1,True,198,198,136.53,138.28,0,False,52.15,89.48,52.15,89.48
Transactions,abc12345,199,1,5,17,33,61.36,1,1,33,17,True,199,199,144.79,146.88,0,False,52.15,89.48,52.15,89.48
Transactions,abc12345,200,1,5,1,45,58.72,1,1,45,1,True,200,200,145.37,147.56,0,False,52.15,89.48,52.15,89.48
Transactions,abc12345,201,1,5,49,2,63.75,1,1,2,49,True,201,201,149.07,149.81,0,False,52.15,89.48,52.15,89.48
Transactions,abc12345,202,1,5,44,18,67.97,1,1,18,44,True,202,202,151.09,151.69,0,False,52.15,89.48,52.15,89.48
Transactions,abc12345,203,1,5,40,29,60,1,1,29,40,True,203,203,162.62,163.35,0,False,52.15,89.48,52.15,89.48
Transactions,abc12345,204,1,5,17,50,60.85,1,1,50,17,True,204,204,163.47,165.84,0,False,52.15,89.48,52.15,89.48
Transactions,abc12345,205,1,6,25,50,71.67,1,1,50,25,True,205,205,14.37,15.03,0,False,,,71.67,71.67
Transactions,abc12345,206,1,6,40,2,63.28,1,1,2,40,True,206,206,16.37,17.62,0,False,71.67,71.67,63.28,71.67
Transactions,abc12345,207,1,6,4,23,79.77,1,1,23,4,True,207,207,22.12,23.38,0,False,63.28,71.67,63.28,79.77
Transactions,abc12345,208,1,6,39,23,86.96,1,1,23,39,True,208,208,29.72,30.47,0,False,63.28,79.77,63.28,86.96
Transactions,abc12345,209,1,6,25,43,56.67,1,1,43,25,True,209,209,33.86,36.74,0,False,63.28,86.96,56.67,86.96
Transactions,abc12345,210,1,6,34,7,73.99,1,1,7,34,True,210,210,39.48,41.03,0,False,56.67,86.96,56.67,86.96
Transactions,abc12345,211,1,6,49,8,72.57,1,1,8,49,True,211,211,46.61,47.35,0,False,56.67,86.96,56.67,86.96
Transactions,abc12345,212,1,6,39,15,72.68,1,1,15,39,True,212,212,46.23,47.75,0,False,56.67,86.96,56.67,86.96
Transactions,abc12345,213,1,6,30,29,64.17,1,1,29,30,True,213,213,47.54,49.15,0,False,56.67,86.96,56.67,86.96
Transactions,abc12345,214,1,6,10,48,62.97,1,1,48,10,True,214,214,52.31,53.06,0,False,56.67,86.96,56.67,86.96
Transactions,abc12345,215,1,6,19,48,50.06,1,1,48,19,True,215,215,63.9,65.29,0,False,56.67,86.96,50.06,86.96
Transactions,abc12345,216,1,6,13,45,63.13,1,1,45,13,True,216,216,64.79,65.77,0,False,50.06,86.96,50.06,86.96
Transactions,abc12345,217,1,6,12,38,74.74,1,1,38,12,True,217,217,64.17,66.26,0,False,50.06,86.96,50.06,86.96
Transactions,abc12345,218,1,6,26,29,75.2,1,1,29,26,True,218,218,65.45,67.92,0,False,50.06,86.96,50.06,86.96
Transactions,abc12345,219,1,6,10,43,68.85,1,1,43,10,True,219,219,67.69,70.26,0,False,50.06,86.96,50.06,86.96
Transactions,abc12345,220,1,6,25,37,52.9,1,1,37,25,True,220,220,68.79,70.75,0,False,50.06,86.96,50.06,86.96
Transactions,abc12345,221,1,6,10,50,66.5,1,1,50,10,True,221,221,81.03,83.02,0,False,50.06,86.96,50.06,86.96
Transactions,abc12345,222,1,6,30,43,60,1,1,43,30,True,222,222,80.6,83.57,0,False,50.06,86.96,50.06,86.96
Transactions,abc12345,223,1,6,25,45,55,1,1,45,25,True,223,223,86.14,88.81,0,False,50.06,86.96,50.06,86.96
Transactions,abc12345,224,1,6,5,31,62.4,1,1,31,5,True,224,224,97.02,98.42,0,False,50.06,86.96,50.06,86.96
Transactions,abc12345,225,1,6,10,9,53.99,1,1,9,10,True,225,225,108.55,109.18,0,False,50.06,86.96,50.06,86.96
Transactions,abc12345,226,1,6,40,35,67.85,1,1,35,40,True,226,226,111.68,112.47,0,False,50.06,86.96,50.06,86.96
Transactions,abc12345,227,1,6,20,6,57.49,1,1,6,20,True,227,227,116.69,118.67,0,False,50.06,86.96,50.06,86.96
Transactions,abc12345,228,1,6,39,35,67.9,1,1,35,39,True,228,228,117.69,118.75,0,False,50.06,86.96,50.06,86.96
Transactions,abc12345,229,1,6,19,29,69.24,1,1,29,19,True,229,229,116.86,119.0,0,False,50.06,86.96,50.06,86.96
Transactions,abc12345,230,1,6,32,38,53.17,1,1,38,32,True,230,230,129.47,131.58,0,False,50.06,86.96,50.06,86.96
Transactions,abc12345,231,1,6,26,29,92.08,1,1,29,26,True,231,231,130.9,132.47,0,False,50.06,86.96,50.06,92.08
Transactions,abc12345,232,1,6,12,35,71.8,1,1,35,12,True,232,232,135.79,138.07,0,False,50.06,92.08,50.06,92.08
Transactions,abc12345,233,1,6,39,23,65,1,1,23,39,True,233,233,140.26,141.13,0,False,50.06,92.08,50.06,92.08
Transactions,abc12345,234,1,6,5,14,58.54,1,1,14,5,True,234,234,146.25,148.31,0,False,50.06,92.08,50.06,92.08
Transactions,abc12345,235,1,6,19,9,62.17,1,1,9,19,True,235,235,150.59,152.58,0,False,50.06,92.08,50.06,92.08
Transactions,abc12345,236,1,6,32,6,58.14,1,1,6,32,True,236,236,151.86,153.63,0,False,50.06,92.08,50.06,92.08
Transactions,abc12345,237,1,6,12,18,52.18,1,1,18,12,True,237,237,163.04,165.34,0,False,50.06,92.08,50.06,92.08
Transactions,abc12345,238,1,6,27,38,65,1,1,38,27,True,238,238,167.73,169.36,0,False,50.06,92.08,50.06,92.08
Transactions,abc12345,239,1,7,10,28,78.18,1,1,28,10,True,239,239,8.35,10.9,0,False,,,78.18,78.18
Transactions,abc12345,240,1,7,1,18,50.99,1,1,18,1,True,240,240,10.27,12.38,0,False,78.18,78.18,50.99,78.18
Transactions,abc12345,241,1,7,26,15,80.21,1,1,15,26,True,241,241,15.6,16.77,0,False,50.99,78.18,50.99,80.21
Transactions,abc12345,242,1,7,46,45,61.83,1,1,45,46,True,242,242,15.53,17.78,0,False,50.99,80.21,50.99,80.21
Transactions,abc12345,243,1,7,17,50,65.71,1,1,50,17,True,243,243,19.06,19.92,0,False,50.99,80.21,50.99,80.21
Transactions,abc12345,244,1,7,19,3,71.07,1,1,3,19,True,244,244,21.2,21.88,0,False,50.99,80.21,50.99,80.21
Transactions,abc12345,245,1,7,49,16,70.52,1,1,16,49,True,245,245,22.68,24.51,0,False,50.99,80.21,50.99,80.21
Transactions,abc12345,246,1,7,13,28,70.29,1,1,28,13,True,246,246,27.13,28.77,0,False,50.99,80.21,50.99,80.21
Transactions,abc12345,247,1,7,46,48,62.66,1,1,48,46,True,247,247,43.24,46.1,0,False,50.99,80.21,50.99,80.21
Transactions,abc12345,248,1,7,1,21,71.57,1,1,21,1,True,248,248,47.48,50.19,0,False,50.99,80.21,50.99,80.21
Transactions,abc12345,249,1,7,5,47,68.4,1,1,47,5,True,249,249,51.06,51.76,0,False,50.99,80.21,50.99,80.21
Transactions,abc12345,250,1,7,40,18,66.1,1,1,18,40,True,250,250,54.49,56.05,0,False,50.99,80.21,50.99,80.21
Transactions,abc12345,251,1,7,1,38,59.15,1,1,38,1,True,251,251,54.29,56.07,0,False,50.99,80.21,50.99,80.21
Transactions,abc12345,252,1,7,22,28,74.17,1,1,28,22,True,252,252,55.29,56.07,0,False,50.99,80.21,50.99,80.21
Transactions,abc12345,253,1,7,19,18,62.86,1,1,18,19,True,253,253,61.3,62.57,0,False,50.99,80.21,50.99,80.21
Transactions,abc12345,254,1,7,10,3,61.94,1,1,3,10,True,254,254,63.51,66.47,0,False,50.99,80.21,50.99,80.21
Transactions,abc12345,255,1,7,24,31,71.43,1,1,31,24,True,255,255,68.56,70.98,0,False,50.99,80.21,50.99,80.21
Transactions,abc12345,256,1,7,42,45,87.86,1,1,45,42,True,256,256,71.85,73.07,0,False,50.99,80.21,50.99,87.86
Transactions,abc12345,257,1,7,12,31,62.57,1,1,31,12,True,257,257,72.77,73.59,0,False,50.99,87.86,50.99,87.86
Transactions,abc12345,258,1,7,25,2,66.79,1,1,2,25,True,258,258,74.09,75.17,0,False,50.99,87.86,50.99,87.86
Transactions,abc12345,259,1,7,25,18,71.77,1,1,18,25,True,259,259,74.06,76.71,0,False,50.99,87.86,50.99,87.86
Transactions,abc12345,260,1,7,24,28,75,1,1,28,24,True,260,260,83.5,84.05,0,False,50.99,87.86,50.99,87.86
Transactions,abc12345,261,1,7,20,50,61.05,1,1,50,20,True,261,261,83.15,85.42,0,False,50.99,87.86,50.99,87.86
Transactions,abc12345,262,1,7,4,14,62.48,1,1,14,4,True,262,262,88.99,89.78,0,False,50.99,87.86,50.99,87.86
Transactions,abc12345,263,1,7,26,50,78.85,1,1,50,26,True,263,263,96.58,98.23,0,False,50.99,87.86,50.99,87.86
Transactions,abc12345,264,1,7,34,48,85.83,1,1,48,34,True,264,264,98.45,99.17,0,False,50.99,87.86,50.99,87.86
Transactions,abc12345,265,1,7,12,33,59.32,1,1,33,12,True,265,265,117.22,117.91,0,False,50.99,87.86,50.99,87.86
Transactions,abc12345,266,1,7,17,50,76.12,1,1,50,17,True,266,266,119.77,120.82,0,False,50.99,87.86,50.99,87.86
Transactions,abc12345,267,1,7,42,47,77.96,1,1,47,42,True,267,267,126.4,128.22,0,False,50.99,87.86,50.99,87.86
Transactions,abc12345,268,1,7,27,3,77.08,1,1,3,27,True,268,268,129.44,130.81,0,False,50.99,87.86,50.99,87.86
Transactions,abc12345,269,1,7,44,43,67.01,1,1,43,44,True,269,269,144.15,145.14,0,False,50.99,87.86,50.99,87.86
Transactions,abc12345,270,1,7,1,43,60,1,1,43,1,True,270,270,146.18,148.58,0,False,50.99,87.86,50.99,87.86
Transactions,abc12345,271,1,7,19,21,71.99,1,1,21,19,True,271,271,151.4,153.13,0,False,50.99,87.86,50.99,87.86
Transactions,abc12345,272,1,7,36,16,82.48,1,1,16,36,True,272,272,158.82,160.44,0,False,50.99,87.86,50.99,87.86
Transactions,abc12345,273,1,7,36,8,60.2,1,1,8,36,True,273,273,162.15,164.82,0,False,50.99,87.86,50.99,87.86
Transactions,abc12345,274,1,7,19,48,65,1,1,48,19,True,274,274,166.09,166.97,0,False,50.99,87.86,50.99,87.86
Transactions,abc12345,275,1,7,20,7,59.44,1,1,7,20,True,275,275,166.31,167.5,0,False,50.99,87.86,50.99,87.86
Transactions,abc12345,276,1,8,1,47,69.66,1,1,47,1,True,276,276,7.1,8.51,0,False,,,69.66,69.66
Transactions,abc12345,277,1,8,17,3,63.43,1,1,3,17,True,277,277,6.78,8.77,0,False,69.66,69.66,63.43,69.66
Transactions,abc12345,278,1,8,44,16,70.13,1,1,16,44,True,278,278,7.76,9.1,0,False,63.43,69.66,63.43,70.13
Transactions,abc12345,279,1,8,32,23,62.02,1,1,23,32,True,279,279,13.7,14.83,0,False,63.43,70.13,62.02,70.13
Transactions,abc12345,280,1,8,19,15,66.18,1,1,15,19,True,280,280,13.91,16.59,0,False,62.02,70.13,62.02,70.13
Transactions,abc12345,281,1,8,32,21,63.83,1,1,21,32,True,281,281,16.25,17.62,0,False,62.02,70.13,62.02,70.13
Transactions,abc12345,282,1,8,44,2,63.81,1,1,2,44,True,282,282,32.41,34.57,0,False,62.02,70.13,62.02,70.13
Transactions,abc12345,283,1,8,5,15,68.59,1,1,15,5,True,283,283,49.77,51.66,0,False,62.02,70.13,62.02,70.13
Transactions,abc12345,284,1,8,44,50,61.44,1,1,50,44,True,284,284,60.35,62.89,0,False,62.02,70.13,61.44,70.13
Transactions,abc12345,285,1,8,19,2,72.22,1,1,2,19,True,285,285,63.58,65.79,0,False,61.44,70.13,61.44,72.22
Transactions,abc12345,286,1,8,11,21,62.04,1,1,21,11,True,286,286,66.4,68.52,0,False,61.44,72.22,61.44,72.22
Transactions,abc12345,287,1,8,4,35,64.23,1,1,35,4,True,287,287,78.99,79.94,0,False,61.44,72.22,61.44,72.22
Transactions,abc12345,288,1,8,27,50,73.58,1,1,50,27,True,288,288,79.01,81.88,0,False,61.44,72.22,61.44,73.58
Transactions,abc12345,289,1,8,39,37,67.93,1,1,37,39,True,289,289,88.04,88.74,0,False,61.44,73.58,61.44,73.58
Transactions,abc12345,290,1,8,12,35,72.59,1,1,35,12,True,290,290,90.24,92.66,0,False,61.44,73.58,61.44,73.58
Transactions,abc12345,291,1,8,49,35,74.98,1,1,35,49,True,291,291,98.48,100.9,0,False,61.44,73.58,61.44,74.98
Transactions,abc12345,292,1,8,5,15,70.3,1,1,15,5,True,292,292,100.96,102.4,0,False,61.44,74.98,61.44,74.98
Transactions,abc12345,293,1,8,46,47,73.65,1,1,47,46,True,293,293,102.25,104.78,0,False,61.44,74.98,61.44,74.98
Transactions,abc12345,294,1,8,46,8,57.85,1,1,8,46,True,294,294,105.07,106.67,0,False,61.44,74.98,57.85,74.98
Transactions,abc12345,295,1,8,4,48,64.64,1,1,48,4,True,295,295,111.92,113.53,0,False,57.85,74.98,57.85,74.98
Transactions,abc12345,296,1,8,17,41,62.32,1,1,41,17,True,296,296,111.41,113.78,0,False,57.85,74.98,57.85,74.98
Transactions,abc12345,297,1,8,40,33,62.46,1,1,33,40,True,297,297,121.9,124.42,0,False,57.85,74.98,57.85,74.98
Transactions,abc12345,298,1,8,39,37,66.53,1,1,37,39,True,298,298,128.41,129.83,0,False,57.85,74.98,57.85,74.98
Transactions,abc12345,299,1,8,36,38,64.4,1,1,38,36,True,299,299,140.84,142.3,0,False,57.85,74.98,57.85,74.98
Transactions,abc12345,300,1,8,11,28,66.87,1,1,28,11,True,300,300,143.95,146.87,0,False,57.85,74.98,57.85,74.98
Transactions,abc12345,301,1,8,27,15,75,1,1,15,27,True,301,301,157.16,159.27,0,False,57.85,74.98,57.85,75
Transactions,abc12345,302,1,8,22,7,70.59,1,1,7,22,True,302,302,164.25,167.08,0,False,57.85,75,57.85,75
Transactions,abc12345,303,1,8,34,35,75.09,1,1,35,34,True,303,303,165.28,167.69,0,False,57.85,75,57.85,75.09
Transactions,abc12345,304,1,8,30,38,65.65,1,1,38,30,True,304,304,168.32,171.08,0,False,57.85,75.09,57.85,75.09
Transactions,abc12345,305,1,8,5,28,75,1,1,28,5,True,305,305,169.41,171.95,0,False,57.85,75.09,57.85,75.09
Transactions,abc12345,306,1,8,22,31,71.11,1,1,31,22,True,306,306,171.9,173.44,0,False,57.85,75.09,57.85,75.09
Transactions,abc12345,307,1,9,20,35,68.58,1,1,35,20,True,307,307,1.09,2.91,0,False,,,68.58,68.58
Transactions,abc12345,308,1,9,11,35,68.12,1,1,35,11,True,308,308,2.96,4.84,0,False,68.58,68.58,68.12,68.58
Transactions,abc12345,309,1,9,13,6,70.99,1,1,6,13,True,309,309,5.44,6.88,0,False,68.12,68.58,68.12,70.99
Transactions,abc12345,310,1,9,49,31,67.92,1,1,31,49,True,310,310,8.87,10.26,0,False,68.12,70.99,67.92,70.99
Transactions,abc12345,311,1,9,20,48,66.97,1,1,48,20,True,311,311,14.95,15.71,0,False,67.92,70.99,66.97,70.99
Transactions,abc12345,312,1,9,36,8,73.41,1,1,8,36,True,312,312,18.79,21.18,0,False,66.97,70.99,66.97,73.41
Transactions,abc12345,313,1,9,5,29,65.5,1,1,29,5,True,313,313,19.13,21.24,0,False,66.97,73.41,65.5,73.41
Transactions,abc12345,314,1,9,42,18,70.17,1,1,18,42,True,314,314,24.14,25.8,0,False,65.5,73.41,65.5,73.41
Transactions,abc12345,315,1,9,34,6,63.52,1,1,6,34,True,315,315,25.35,26.01,0,False,65.5,73.41,63.52,73.41
Transactions,abc12345,316,1,9,42,38,62.29,1,1,38,42,True,316,316,26.25,26.84,0,False,63.52,73.41,62.29,73.41
Transactions,abc12345,317,1,9,27,29,70.56,1,1,29,27,True,317,317,41.5,42.79,0,False,62.29,73.41,62.29,73.41
Transactions,abc12345,318,1,9,17,35,62.06,1,1,35,17,True,318,318,42.12,43.62,0,False,62.29,73.41,62.06,73.41
Transactions,abc12345,319,1,9,25,6,68.48,1,1,6,25,True,319,319,42.88,43.86,0,False,62.06,73.41,62.06,73.41
Transactions,abc12345,320,1,9,22,41,73.08,1,1,41,22,True,320,320,45.66,46.27,0,False,62.06,73.41,62.06,73.41
Transactions,abc12345,321,1,9,44,50,66.27,1,1,50,44,True,321,321,50.04,51.63,0,False,62.06,73.41,62.06,73.41
Transactions,abc12345,322,1,9,13,8,74.56,1,1,8,13,True,322,322,50.24,51.84,0,False,62.06,73.41,62.06,74.56
Transactions,abc12345,323,1,9,13,50,71.18,1,1,50,13,True,323,323,52.36,54.1,0,False,62.06,74.56,62.06,74.56
Transactions,abc12345,324,1,9,11,45,66.24,1,1,45,11,True,324,324,64.36,66.86,0,False,62.06,74.56,62.06,74.56
Transactions,abc12345,325,1,9,49,28,70.77,1,1,28,49,True,325,325,71.51,74.07,0,False,62.06,74.56,62.06,74.56
Transactions,abc12345,326,1,9,25,14,68.48,1,1,14,25,True,326,326,73.33,74.63,0,False,62.06,74.56,62.06,74.56
Transactions,abc12345,327,1,9,20,50,65.56,1,1,50,20,True,327,327,74.25,76.26,0,False,62.06,74.56,62.06,74.56
Transactions,abc12345,328,1,9,4,47,65.12,1,1,47,4,True,328,328,77.38,79.61,0,False,62.06,74.56,62.06,74.56
Transactions,abc12345,329,1,9,22,38,74.65,1,1,38,22,True,329,329,79.7,81.08,0,False,62.06,74.56,62.06,74.65
Transactions,abc12345,330,1,9,4,45,69.73,1,1,45,4,True,330,330,86.75,88.85,0,False,62.06,74.65,62.06,74.65
Transactions,abc12345,331,1,9,24,21,66.0,1,1,21,24,True,331,331,89.38,91.16,0,False,62.06,74.65,62.06,74.65
Transactions,abc12345,332,1,9,49,18,62.82,1,1,18,49,True,332,332,92.4,93.3,0,False,62.06,74.65,62.06,74.65
Transactions,abc12345,333,1,9,26,43,70.99,1,1,43,26,True,333,333,95.35,96.94,0,False,62.06,74.65,62.06,74.65
Transactions,abc12345,334,1,9,5,21,63.28,1,1,21,5,True,334,334,104.15,105.24,0,False,62.06,74.65,62.06,74.65
Transactions,abc12345,335,1,9,44,48,61.7,1,1,48,44,True,335,335,107.78,108.36,0,False,62.06,74.65,61.7,74.65
Transactions,abc12345,336,1,9,5,18,74.05,1,1,18,5,True,336,336,112.82,114.44,0,False,61.7,74.65,61.7,74.65
Transactions,abc12345,337,1,9,22,48,66.12,1,1,48,22,True,337,337,116.09,116.94,0,False,61.7,74.65,61.7,74.65
Transactions,abc12345,338,1,9,22,3,55,1,1,3,22,True,338,338,121.13,122.42,0,False,61.7,74.65,55,74.65
Transactions,abc12345,339,1,9,30,33,68.04,1,1,33,30,True,339,339,123.09,124.06,0,False,55,74.65,55,74.65
Transactions,abc12345,340,1,9,25,3,65.9,1,1,3,25,True,340,340,125.03,127.81,0,False,55,74.65,55,74.65
Transactions,abc12345,341,1,9,12,45,70.62,1,1,45,12,True,341,341,137.87,138.91,0,False,55,74.65,55,74.65
Transactions,abc12345,342,1,9,44,14,60.46,1,1,14,44,True,342,342,137.11,139.34,0,False,55,74.65,55,74.65
Transactions,abc12345,343,1,9,11,37,70.71,1,1,37,11,True,343,343,143.92,145.55,0,False,55,74.65,55,74.65
Transactions,abc12345,344,1,9,32,18,74.72,1,1,18,32,True,344,344,157.22,158.59,0,False,55,74.65,55,74.72
Transactions,abc12345,345,1,9,20,7,55,1,1,7,20,True,345,345,160.4,163.03,0,False,55,74.72,55,74.72
Transactions,abc12345,346,1,9,42,8,66.03,1,1,8,42,True,346,346,171.23,174.05,0,False,55,74.72,55,74.72
Transactions,abc12345,347,1,10,36,9,69.16,1,1,9,36,True,347,347,11.07,13.37,0,False,,,69.16,69.16
Transactions,abc12345,348,1,10,1,50,69.92,1,1,50,1,True,348,348,12.22,14.83,0,False,69.16,69.16,69.16,69.92
Transactions,abc12345,349,1,10,36,29,67.72,1,1,29,36,True,349,349,15.03,15.64,0,False,69.16,69.92,67.72,69.92
Transactions,abc12345,350,1,10,44,41,67.07,1,1,41,44,True,350,350,16.22,18.16,0,False,67.72,69.92,67.07,69.92
Transactions,abc12345,351,1,10,44,37,67.72,1,1,37,44,True,351,351,21.58,23.68,0,False,67.07,69.92,67.07,69.92
Transactions,abc12345,352,1,10,39,16,65.44,1,1,16,39,True,352,352,22.34,24.2,0,False,67.07,69.92,65.44,69.92
Transactions,abc12345,353,1,10,44,14,63.91,1,1,14,44,True,353,353,22.11,24.32,0,False,65.44,69.92,63.91,69.92
Transactions,abc12345,354,1,10,17,38,67.89,1,1,38,17,True,354,354,23.77,24.45,0,False,63.91,69.92,63.91,69.92
Transactions,abc12345,355,1,10,24,47,65.36,1,1,47,24,True,355,355,29.01,30.02,0,False,63.91,69.92,63.91,69.92
Transactions,abc12345,356,1,10,1,43,68.35,1,1,43,1,True,356,356,30.84,32.12,0,False,63.91,69.92,63.91,69.92
Transactions,abc12345,357,1,10,34,50,67.11,1,1,50,34,True,357,357,33.02,35.96,0,False,63.91,69.92,63.91,69.92
Transactions,abc12345,358,1,10,5,41,63.55,1,1,41,5,True,358,358,39.37,40.79,0,False,63.91,69.92,63.55,69.92
Transactions,abc12345,359,1,10,25,23,66.56,1,1,23,25,True,359,359,39.84,41.01,0,False,63.55,69.92,63.55,69.92
Transactions,abc12345,360,1,10,10,43,69.53,1,1,43,10,True,360,360,42.21,42.96,0,False,63.55,69.92,63.55,69.92
Transactions,abc12345,361,1,10,17,3,68.87,1,1,3,17,True,361,361,46.57,49.48,0,False,63.55,69.92,63.55,69.92
Transactions,abc12345,362,1,10,46,50,65.93,1,1,50,46,True,362,362,48.31,51.14,0,False,63.55,69.92,63.55,69.92
Transactions,abc12345,363,1,10,49,50,75,1,1,50,49,True,363,363,51.62,54.61,0,False,63.55,69.92,63.55,75
Transactions,abc12345,364,1,10,40,35,68.6,1,1,35,40,True,364,364,54.15,56.85,0,False,63.55,75,63.55,75
Transactions,abc12345,365,1,10,39,31,69.19,1,1,31,39,True,365,365,62.79,64.44,0,False,63.55,75,63.55,75
Transactions,abc12345,366,1,10,10,37,68.57,1,1,37,10,True,366,366,62.58,64.54,0,False,63.55,75,63.55,75
Transactions,abc12345,367,1,10,24,29,66.97,1,1,29,24,True,367,367,68.27,70.88,0,False,63.55,75,63.55,75
Transactions,abc12345,368,1,10,19,35,70.15,1,1,35,19,True,368,368,71.62,72.83,0,False,63.55,75,63.55,75
Transactions,abc12345,369,1,10,26,23,63.75,1,1,23,26,True,369,369,70.75,73.07,0,False,63.55,75,63.55,75
Transactions,abc12345,370,1,10,42,28,69.24,1,1,28,42,True,370,370,81.17,82.59,0,False,63.55,75,63.55,75
Transactions,abc12345,371,1,10,13,29,66.31,1,1,29,13,True,371,371,80.98,82.86,0,False,63.55,75,63.55,75
Transactions,abc12345,372,1,10,20,28,66.94,1,1,28,20,True,372,372,83.05,84.81,0,False,63.55,75,63.55,75
Transactions,abc12345,373,1,10,42,9,66.38,1,1,9,42,True,373,373,85.26,87.47,0,False,63.55,75,63.55,75
Transactions,abc12345,374,1,10,12,43,73.41,1,1,43,12,True,374,374,86.06,89.0,0,False,63.55,75,63.55,75
Transactions,abc12345,375,1,10,13,3,68.01,1,1,3,13,True,375,375,88.66,91.5,0,False,63.55,75,63.55,75
Transactions,abc12345,376,1,10,42,43,75,1,1,43,42,True,376,376,90.63,91.63,0,False,63.55,75,63.55,75
Transactions,abc12345,377,1,10,11,38,66.89,1,1,38,11,True,377,377,90.93,91.77,0,False,63.55,75,63.55,75
Transactions,abc12345,378,1,10,32,7,67.5,1,1,7,32,True,378,378,95.58,97.38,0,False,63.55,75,63.55,75
Transactions,abc12345,379,1,10,5,18,68.36,1,1,18,5,True,379,379,98.18,101.0,0,False,63.55,75,63.55,75
Transactions,abc12345,380,1,10,32,37,66.82,1,1,37,32,True,380,380,99.98,101.46,0,False,63.55,75,63.55,75
Transactions,abc12345,381,1,10,1,48,65.52,1,1,48,1,True,381,381,101.91,103.69,0,False,63.55,75,63.55,75
Transactions,abc12345,382,1,10,39,41,66.18,1,1,41,39,True,382,382,106.39,108.3,0,False,63.55,75,63.55,75
Transactions,abc12345,383,1,10,39,31,65,1,1,31,39,True,383,383,107.18,110.13,0,False,63.55,75,63.55,75
Transactions,abc12345,384,1,10,1,48,60,1,1,48,1,True,384,384,110.4,112.89,0,False,63.55,75,60,75
Transactions,abc12345,385,1,10,42,2,65,1,1,2,42,True,385,385,123.11,126.03,0,False,60,75,60,75
Transactions,abc12345,386,1,10,44,16,55,1,1,16,44,True,386,386,133.76,134.83,0,False,60,75,55,75
Transactions,abc12345,387,1,10,24,16,65.08,1,1,16,24,True,387,387,136.72,139.03,0,False,55,75,55,75
Transactions,abc12345,388,1,10,13,47,67.8,1,1,47,13,True,388,388,142.87,145.43,0,False,55,75,55,75
Transactions,abc12345,389,1,10,10,29,75,1,1,29,10,True,389,389,144.85,145.83,0,False,55,75,55,75
Transactions,abc12345,390,1,10,40,28,66.13,1,1,28,40,True,390,390,150.65,152.2,0,False,55,75,55,75
Transactions,abc12345,391,1,10,4,45,64.58,1,1,45,4,True,391,391,152.17,154.97,0,False,55,75,55,75
Transactions,abc12345,392,1,10,25,45,69.34,1,1,45,25,True,392,392,164.01,165.91,0,False,55,75,55,75
Transactions,abc12345,393,1,10,11,15,63.92,1,1,15,11,True,393,393,165.8,167.45,0,False,55,75,55,75
Transactions,abc12345,394,1,10,36,28,75,1,1,28,36,True,394,394,170.2,172.06,0,False,55,75,55,75
Transactions,abc12345,395,1,10,49,48,66.49,1,1,48,49,True,395,395,171.31,172.43,0,False,55,75,55,75
TableName,sessionID,orderID,operationType,group,Period,bestAsk,bestBid,BATime,timing
BidAsks,abc12345,1,market_order,1,1,40.16,40.16,11.68,11.68
BidAsks,abc12345,2,market_order,1,1,40.16,60.67,13.45,13.45
BidAsks,abc12345,3,market_order,1,1,38.98,60.67,14.03,14.03
BidAsks,abc12345,4,market_order,1,1,38.98,63.66,14.35,14.35
BidAsks,abc12345,5,market_order,1,1,38.98,63.66,15.63,15.63
BidAsks,abc12345,6,market_order,1,1,38.98,63.66,23.59,23.59
BidAsks,abc12345,7,market_order,1,1,38.98,63.66,26.16,26.16
BidAsks,abc12345,8,market_order,1,1,38.98,64.91,26.72,26.72
BidAsks,abc12345,9,market_order,1,1,38.98,64.91,30.14,30.14
BidAsks,abc12345,10,market_order,1,1,38.98,69.61,35.27,35.27
BidAsks,abc12345,11,market_order,1,1,38.98,81.27,38.78,38.78
BidAsks,abc12345,12,market_order,1,1,38.98,110,39.99,39.99
BidAsks,abc12345,13,market_order,1,1,38.98,110,44.35,44.35
BidAsks,abc12345,14,market_order,1,1,38.98,110,48.7,48.7
BidAsks,abc12345,15,market_order,1,1,38.98,110,52.72,52.72
BidAsks,abc12345,16,market_order,1,1,38.98,110,58.1,58.1
BidAsks,abc12345,17,market_order,1,1,38.98,110,63.46,63.46
BidAsks,abc12345,18,market_order,1,1,38.98,110,64.56,64.56
BidAsks,abc12345,19,market_order,1,1,28.78,110,67.76,67.76
BidAsks,abc12345,20,market_order,1,1,28.78,110,71.4,71.4
BidAsks,abc12345,21,market_order,1,1,28.78,110,80.44,80.44
BidAsks,abc12345,22,market_order,1,1,28.78,110,81.97,81.97
BidAsks,abc12345,23,market_order,1,1,28.78,110,88.37,88.37
BidAsks,abc12345,24,market_order,1,1,28.78,110,94.41,94.41
BidAsks,abc12345,25,market_order,1,1,28.78,110,100.12,100.12
BidAsks,abc12345,26,market_order,1,1,28.78,110,110.75,110.75
BidAsks,abc12345,27,market_order,1,1,28.78,110,111.85,111.85
BidAsks,abc12345,28,market_order,1,1,28.78,110,113.21,113.21
BidAsks,abc12345,29,market_order,1,1,28.78,110,116.4,116.4
BidAsks,abc12345,30,market_order,1,1,28.78,110,117.94,117.94
BidAsks,abc12345,31,market_order,1,1,28.78,110,120.25,120.25
BidAsks,abc12345,32,market_order,1,1,28.78,110,121.05,121.05
BidAsks,abc12345,33,market_order,1,1,28.78,110,123.41,123.41
BidAsks,abc12345,34,market_order,1,1,28.78,110,126.2,126.2
BidAsks,abc12345,35,market_order,1,1,28.78,110,134.92,134.92
BidAsks,abc12345,36,market_order,1,1,25,110,135.74,135.74
BidAsks,abc12345,37,market_order,1,1,25,110,141.27,141.27
BidAsks,abc12345,38,market_order,1,1,25,110,144.17,144.17
BidAsks,abc12345,39,market_order,1,1,25,110,146.3,146.3
BidAsks,abc12345,40,market_order,1,1,25,110,149.97,149.97
BidAsks,abc12345,41,market_order,1,1,25,110,151.9,151.9
BidAsks,abc12345,42,market_order,1,1,25,110,155.05,155.05
BidAsks,abc12345,43,market_order,1,1,25,110,155.18,155.18
BidAsks,abc12345,44,market_order,1,1,25,110,159.97,159.97
BidAsks,abc12345,45,market_order,1,1,25,110,161.56,161.56
BidAsks,abc12345,46,market_order,1,1,25,110,162.09,162.09
BidAsks,abc12345,47,market_order,1,2,50.56,50.56,3.35,3.35
BidAsks,abc12345,48,market_order,1,2,43.73,50.56,14.55,14.55
BidAsks,abc12345,49,market_order,1,2,43.73,66.43,14.67,14.67
BidAsks,abc12345,50,market_order,1,2,43.73,66.43,20.52,20.52
BidAsks,abc12345,51,market_order,1,2,39.6,66.43,21.97,21.97
BidAsks,abc12345,52,market_order,1,2,39.6,66.43,25.23,25.23
BidAsks,abc12345,53,market_order,1,2,39.6,93.96,29.29,29.29
BidAsks,abc12345,54,market_order,1,2,39.6,93.96,37.22,37.22
BidAsks,abc12345,55,market_order,1,2,39.6,93.96,37.34,37.34
BidAsks,abc12345,56,market_order,1,2,39.6,93.96,38.88,38.88
BidAsks,abc12345,57,market_order,1,2,39.6,104.06,43.29,43.29
BidAsks,abc12345,58,market_order,1,2,39.6,104.06,47.67,47.67
BidAsks,abc12345,59,market_order,1,2,39.6,104.06,47.88,47.88
BidAsks,abc12345,60,market_order,1,2,39.6,104.06,49.12,49.12
BidAsks,abc12345,61,market_order,1,2,39.6,104.12,53.79,53.79
BidAsks,abc12345,62,market_order,1,2,39.6,104.12,53.9,53.9
BidAsks,abc12345,63,market_order,1,2,39.6,104.12,56.7,56.7
BidAsks,abc12345,64,market_order,1,2,39.6,104.12,65.93,65.93
BidAsks,abc12345,65,market_order,1,2,39.6,104.12,70.47,70.47
BidAsks,abc12345,66,market_order,1,2,39.6,104.12,74.53,74.53
BidAsks,abc12345,67,market_order,1,2,39.6,104.12,81.28,81.28
BidAsks,abc12345,68,market_order,1,2,37.3,104.12,86.52,86.52
BidAsks,abc12345,69,market_order,1,2,37.3,104.12,92.44,92.44
BidAsks,abc12345,70,market_order,1,2,37.3,104.12,97.71,97.71
BidAsks,abc12345,71,market_order,1,2,37.3,104.12,102.98,102.98
BidAsks,abc12345,72,market_order,1,2,37.3,104.12,104.85,104.85
BidAsks,abc12345,73,market_order,1,2,37.3,105,106.64,106.64
BidAsks,abc12345,74,market_order,1,2,37.3,105,107.82,107.82
BidAsks,abc12345,75,market_order,1,2,37.3,105,109.15,109.15
BidAsks,abc12345,76,market_order,1,2,37.3,105,111.72,111.72
BidAsks,abc12345,77,market_order,1,2,37.3,105,115.14,115.14
BidAsks,abc12345,78,market_order,1,2,37.3,105,116.77,116.77
BidAsks,abc12345,79,market_order,1,2,37.3,105,118.2,118.2
BidAsks,abc12345,80,market_order,1,2,37.3,105,125.9,125.9
BidAsks,abc12345,81,market_order,1,2,37.3,105,126.15,126.15
BidAsks,abc12345,82,market_order,1,2,37.3,105,132.07,132.07
BidAsks,abc12345,83,market_order,1,2,37.3,105,143.36,143.36
BidAsks,abc12345,84,market_order,1,2,37.3,105,146.24,146.24
BidAsks,abc12345,85,market_order,1,2,37.3,105,154.11,154.11
BidAsks,abc12345,86,market_order,1,2,37.3,105,154.39,154.39
BidAsks,abc12345,87,market_order,1,2,37.3,105,158.62,158.62
BidAsks,abc12345,88,market_order,1,2,37.3,105,163.7,163.7
BidAsks,abc12345,89,market_order,1,2,37.3,105,164.43,164.43
BidAsks,abc12345,90,market_order,1,2,37.3,105,172.79,172.79
BidAsks,abc12345,91,market_order,1,2,37.3,105,174.32,174.32
BidAsks,abc12345,92,market_order,1,2,37.3,105,174.73,174.73
BidAsks,abc12345,93,market_order,1,3,56.62,56.62,3.02,3.02
BidAsks,abc12345,94,market_order,1,3,56.62,70.25,13.11,13.11
BidAsks,abc12345,95,market_order,1,3,56.62,73.36,15.4,15.4
BidAsks,abc12345,96,market_order,1,3,56.62,76.82,25.94,25.94
BidAsks,abc12345,97,market_order,1,3,52.89,76.82,37.78,37.78
BidAsks,abc12345,98,market_order,1,3,52.89,76.82,42.01,42.01
BidAsks,abc12345,99,market_order,1,3,52.89,76.82,44.77,44.77
BidAsks,abc12345,100,market_order,1,3,52.89,76.82,46.84,46.84
BidAsks,abc12345,101,market_order,1,3,52.89,81.17,49.01,49.01
BidAsks,abc12345,102,market_order,1,3,52.89,81.17,49.51,49.51
BidAsks,abc12345,103,market_order,1,3,52.89,81.17,51.43,51.43
BidAsks,abc12345,104,market_order,1,3,52.89,81.17,57.31,57.31
BidAsks,abc12345,105,market_order,1,3,52.89,81.17,62.85,62.85
BidAsks,abc12345,106,market_order,1,3,52.89,92.66,67.81,67.81
BidAsks,abc12345,107,market_order,1,3,39.81,92.66,72.51,72.51
BidAsks,abc12345,108,market_order,1,3,39.81,92.66,73.93,73.93
BidAsks,abc12345,109,market_order,1,3,39.81,92.66,74.49,74.49
BidAsks,abc12345,110,market_order,1,3,39.81,92.66,74.68,74.68
BidAsks,abc12345,111,market_order,1,3,39.81,92.66,84.12,84.12
BidAsks,abc12345,112,market_order,1,3,39.81,92.66,89.33,89.33
BidAsks,abc12345,113,market_order,1,3,39.81,92.66,92.18,92.18
BidAsks,abc12345,114,market_order,1,3,39.81,92.66,95.45,95.45
BidAsks,abc12345,115,market_order,1,3,39.81,92.66,95.87,95.87
BidAsks,abc12345,116,market_order,1,3,39.81,92.66,96.48,96.48
BidAsks,abc12345,117,market_order,1,3,39.81,92.66,96.78,96.78
BidAsks,abc12345,118,market_order,1,3,39.81,92.66,103.05,103.05
BidAsks,abc12345,119,market_order,1,3,39.81,92.66,107.99,107.99
BidAsks,abc12345,120,market_order,1,3,39.81,92.66,110.43,110.43
BidAsks,abc12345,121,market_order,1,3,39.81,92.66,112.32,112.32
BidAsks,abc12345,122,market_order,1,3,39.81,92.66,122.05,122.05
BidAsks,abc12345,123,market_order,1,3,39.81,92.66,122.33,122.33
BidAsks,abc12345,124,market_order,1,3,39.81,92.66,124.21,124.21
BidAsks,abc12345,125,market_order,1,3,39.81,92.66,126.43,126.43
BidAsks,abc12345,126,market_order,1,3,39.81,92.66,131.32,131.32
BidAsks,abc12345,127,market_order,1,3,39.81,92.66,132.35,132.35
BidAsks,abc12345,128,market_order,1,3,39.81,92.66,134.45,134.45
BidAsks,abc12345,129,market_order,1,3,39.81,92.66,134.49,134.49
BidAsks,abc12345,130,market_order,1,3,39.81,92.66,145.69,145.69
BidAsks,abc12345,131,market_order,1,3,39.81,92.66,149.65,149.65
BidAsks,abc12345,132,market_order,1,3,39.81,92.66,150.21,150.21
BidAsks,abc12345,133,market_order,1,3,39.81,92.66,157.22,157.22
BidAsks,abc12345,134,market_order,1,3,39.81,92.66,158.54,158.54
BidAsks,abc12345,135,market_order,1,3,39.81,92.66,166.94,166.94
BidAsks,abc12345,136,market_order,1,4,56.68,56.68,4.12,4.12
BidAsks,abc12345,137,market_order,1,4,56.68,79.29,9.87,9.87
BidAsks,abc12345,138,market_order,1,4,56.68,79.29,11.43,11.43
BidAsks,abc12345,139,market_order,1,4,56.68,79.29,13.3,13.3
BidAsks,abc12345,140,market_order,1,4,56.68,79.29,16.74,16.74
BidAsks,abc12345,141,market_order,1,4,56.68,79.29,19.75,19.75
BidAsks,abc12345,142,market_order,1,4,56.68,84.34,21.74,21.74
BidAsks,abc12345,143,market_order,1,4,56.68,84.34,23.9,23.9
BidAsks,abc12345,144,market_order,1,4,56.68,84.34,28.25,28.25
BidAsks,abc12345,145,market_order,1,4,49.2,84.34,44.94,44.94
BidAsks,abc12345,146,market_order,1,4,49.2,84.34,45.68,45.68
BidAsks,abc12345,147,market_order,1,4,49.2,84.34,51.19,51.19
BidAsks,abc12345,148,market_order,1,4,49.2,84.34,52.54,52.54
BidAsks,abc12345,149,market_order,1,4,49.2,84.34,53.25,53.25
BidAsks,abc12345,150,market_order,1,4,49.2,84.34,54.29,54.29
BidAsks,abc12345,151,market_order,1,4,49.2,84.34,60.94,60.94
BidAsks,abc12345,152,market_order,1,4,49.2,84.34,64.43,64.43
BidAsks,abc12345,153,market_order,1,4,49.2,85,74.0,74.0
BidAsks,abc12345,154,market_order,1,4,49.2,85,84.82,84.82
BidAsks,abc12345,155,market_order,1,4,49.2,85,87.07,87.07
BidAsks,abc12345,156,market_order,1,4,49.2,85,98.55,98.55
BidAsks,abc12345,157,market_order,1,4,49.2,85,101.82,101.82
BidAsks,abc12345,158,market_order,1,4,49.2,85,105.13,105.13
BidAsks,abc12345,159,market_order,1,4,49.2,85,112.35,112.35
BidAsks,abc12345,160,market_order,1,4,49.2,85,124.49,124.49
BidAsks,abc12345,161,market_order,1,4,49.2,85,132.23,132.23
BidAsks,abc12345,162,market_order,1,4,49.2,85,142.33,142.33
BidAsks,abc12345,163,market_order,1,4,49.2,85,146.04,146.04
BidAsks,abc12345,164,market_order,1,4,49.2,85,151.08,151.08
BidAsks,abc12345,165,market_order,1,4,49.2,85,165.33,165.33
BidAsks,abc12345,166,market_order,1,4,49.2,85,166.2,166.2
BidAsks,abc12345,167,market_order,1,4,49.2,95.83,169.03,169.03
BidAsks,abc12345,168,market_order,1,5,89.48,89.48,2.44,2.44
BidAsks,abc12345,169,market_order,1,5,73.69,89.48,4.37,4.37
BidAsks,abc12345,170,market_order,1,5,63.8,89.48,14.08,14.08
BidAsks,abc12345,171,market_order,1,5,59.48,89.48,21.63,21.63
BidAsks,abc12345,172,market_order,1,5,52.15,89.48,25.62,25.62
BidAsks,abc12345,173,market_order,1,5,52.15,89.48,27.02,27.02
BidAsks,abc12345,174,market_order,1,5,52.15,89.48,28.64,28.64
BidAsks,abc12345,175,market_order,1,5,52.15,89.48,34.98,34.98
BidAsks,abc12345,176,market_order,1,5,52.15,89.48,40.87,40.87
BidAsks,abc12345,177,market_order,1,5,52.15,89.48,48.22,48.22
BidAsks,abc12345,178,market_order,1,5,52.15,89.48,52.49,52.49
BidAsks,abc12345,179,market_order,1,5,52.15,89.48,55.76,55.76
BidAsks,abc12345,180,market_order,1,5,52.15,89.48,59.51,59.51
BidAsks,abc12345,181,market_order,1,5,52.15,89.48,60.8,60.8
BidAsks,abc12345,182,market_order,1,5,52.15,89.48,72.58,72.58
BidAsks,abc12345,183,market_order,1,5,52.15,89.48,73.88,73.88
BidAsks,abc12345,184,market_order,1,5,52.15,89.48,79.25,79.25
BidAsks,abc12345,185,market_order,1,5,52.15,89.48,81.02,81.02
BidAsks,abc12345,186,market_order,1,5,52.15,89.48,83.69,83.69
BidAsks,abc12345,187,market_order,1,5,52.15,89.48,85.47,85.47
BidAsks,abc12345,188,market_order,1,5,52.15,89.48,85.79,85.79
BidAsks,abc12345,189,market_order,1,5,52.15,89.48,102.33,102.33
BidAsks,abc12345,190,market_order,1,5,52.15,89.48,105.69,105.69
BidAsks,abc12345,191,market_order,1,5,52.15,89.48,114.05,114.05
BidAsks,abc12345,192,market_order,1,5,52.15,89.48,116.17,116.17
BidAsks,abc12345,193,market_order,1,5,52.15,89.48,124.04,124.04
BidAsks,abc12345,194,market_order,1,5,52.15,89.48,124.79,124.79
BidAsks,abc12345,195,market_order,1,5,52.15,89.48,127.61,127.61
BidAsks,abc12345,196,market_order,1,5,52.15,89.48,131.11,131.11
BidAsks,abc12345,197,market_order,1,5,52.15,89.48,135.67,135.67
BidAsks,abc12345,198,market_order,1,5,52.15,89.48,138.28,138.28
BidAsks,abc12345,199,market_order,1,5,52.15,89.48,146.88,146.88
BidAsks,abc12345,200,market_order,1,5,52.15,89.48,147.56,147.56
BidAsks,abc12345,201,market_order,1,5,52.15,89.48,149.81,149.81
BidAsks,abc12345,202,market_order,1,5,52.15,89.48,151.69,151.69
BidAsks,abc12345,203,market_order,1,5,52.15,89.48,163.35,163.35
BidAsks,abc12345,204,market_order,1,5,52.15,89.48,165.84,165.84
BidAsks,abc12345,205,market_order,1,6,71.67,71.67,15.03,15.03
BidAsks,abc12345,206,market_order,1,6,63.28,71.67,17.62,17.62
BidAsks,abc12345,207,market_order,1,6,63.28,79.77,23.38,23.38
BidAsks,abc12345,208,market_order,1,6,63.28,86.96,30.47,30.47
BidAsks,abc12345,209,market_order,1,6,56.67,86.96,36.74,36.74
BidAsks,abc12345,210,market_order,1,6,56.67,86.96,41.03,41.03
BidAsks,abc12345,211,market_order,1,6,56.67,86.96,47.35,47.35
BidAsks,abc12345,212,market_order,1,6,56.67,86.96,47.75,47.75
BidAsks,abc12345,213,market_order,1,6,56.67,86.96,49.15,49.15
BidAsks,abc12345,214,market_order,1,6,56.67,86.96,53.06,53.06
BidAsks,abc12345,215,market_order,1,6,50.06,86.96,65.29,65.29
BidAsks,abc12345,216,market_order,1,6,50.06,86.96,65.77,65.77
BidAsks,abc12345,217,market_order,1,6,50.06,86.96,66.26,66.26
BidAsks,abc12345,218,market_order,1,6,50.06,86.96,67.92,67.92
BidAsks,abc12345,219,market_order,1,6,50.06,86.96,70.26,70.26
BidAsks,abc12345,220,market_order,1,6,50.06,86.96,70.75,70.75
BidAsks,abc12345,221,market_order,1,6,50.06,86.96,83.02,83.02
BidAsks,abc12345,222,market_order,1,6,50.06,86.96,83.57,83.57
BidAsks,abc12345,223,market_order,1,6,50.06,86.96,88.81,88.81
BidAsks,abc12345,224,market_order,1,6,50.06,86.96,98.42,98.42
BidAsks,abc12345,225,market_order,1,6,50.06,86.96,109.18,109.18
BidAsks,abc12345,226,market_order,1,6,50.06,86.96,112.47,112.47
BidAsks,abc12345,227,market_order,1,6,50.06,86.96,118.67,118.67
BidAsks,abc12345,228,market_order,1,6,50.06,86.96,118.75,118.75
BidAsks,abc12345,229,market_order,1,6,50.06,86.96,119.0,119.0
BidAsks,abc12345,230,market_order,1,6,50.06,86.96,131.58,131.58
BidAsks,abc12345,231,market_order,1,6,50.06,92.08,132.47,132.47
BidAsks,abc12345,232,market_order,1,6,50.06,92.08,138.07,138.07
BidAsks,abc12345,233,market_order,1,6,50.06,92.08,141.13,141.13
BidAsks,abc12345,234,market_order,1,6,50.06,92.08,148.31,148.31
BidAsks,abc12345,235,market_order,1,6,50.06,92.08,152.58,152.58
BidAsks,abc12345,236,market_order,1,6,50.06,92.08,153.63,153.63
BidAsks,abc12345,237,market_order,1,6,50.06,92.08,165.34,165.34
BidAsks,abc12345,238,market_order,1,6,50.06,92.08,169.36,169.36
BidAsks,abc12345,239,market_order,1,7,78.18,78.18,10.9,10.9
BidAsks,abc12345,240,market_order,1,7,50.99,78.18,12.38,12.38
BidAsks,abc12345,241,market_order,1,7,50.99,80.21,16.77,16.77
BidAsks,abc12345,242,market_order,1,7,50.99,80.21,17.78,17.78
BidAsks,abc12345,243,market_order,1,7,50.99,80.21,19.92,19.92
BidAsks,abc12345,244,market_order,1,7,50.99,80.21,21.88,21.88
BidAsks,abc12345,245,market_order,1,7,50.99,80.21,24.51,24.51
BidAsks,abc12345,246,market_order,1,7,50.99,80.21,28.77,28.77
BidAsks,abc12345,247,market_order,1,7,50.99,80.21,46.1,46.1
BidAsks,abc12345,248,market_order,1,7,50.99,80.21,50.19,50.19
BidAsks,abc12345,249,market_order,1,7,50.99,80.21,51.76,51.76
BidAsks,abc12345,250,market_order,1,7,50.99,80.21,56.05,56.05
BidAsks,abc12345,251,market_order,1,7,50.99,80.21,56.07,56.07
BidAsks,abc12345,252,market_order,1,7,50.99,80.21,56.07,56.07
BidAsks,abc12345,253,market_order,1,7,50.99,80.21,62.57,62.57
BidAsks,abc12345,254,market_order,1,7,50.99,80.21,66.47,66.47
BidAsks,abc12345,255,market_order,1,7,50.99,80.21,70.98,70.98
BidAsks,abc12345,256,market_order,1,7,50.99,87.86,73.07,73.07
BidAsks,abc12345,257,market_order,1,7,50.99,87.86,73.59,73.59
BidAsks,abc12345,258,market_order,1,7,50.99,87.86,75.17,75.17
BidAsks,abc12345,259,market_order,1,7,50.99,87.86,76.71,76.71
BidAsks,abc12345,260,market_order,1,7,50.99,87.86,84.05,84.05
BidAsks,abc12345,261,market_order,1,7,50.99,87.86,85.42,85.42
BidAsks,abc12345,262,market_order,1,7,50.99,87.86,89.78,89.78
BidAsks,abc12345,263,market_order,1,7,50.99,87.86,98.23,98.23
BidAsks,abc12345,264,market_order,1,7,50.99,87.86,99.17,99.17
BidAsks,abc12345,265,market_order,1,7,50.99,87.86,117.91,117.91
BidAsks,abc12345,266,market_order,1,7,50.99,87.86,120.82,120.82
BidAsks,abc12345,267,market_order,1,7,50.99,87.86,128.22,128.22
BidAsks,abc12345,268,market_order,1,7,50.99,87.86,130.81,130.81
BidAsks,abc12345,269,market_order,1,7,50.99,87.86,145.14,145.14
BidAsks,abc12345,270,market_order,1,7,50.99,87.86,148.58,148.58
BidAsks,abc12345,271,market_order,1,7,50.99,87.86,153.13,153.13
BidAsks,abc12345,272,market_order,1,7,50.99,87.86,160.44,160.44
BidAsks,abc12345,273,market_order,1,7,50.99,87.86,164.82,164.82
BidAsks,abc12345,274,market_order,1,7,50.99,87.86,166.97,166.97
BidAsks,abc12345,275,market_order,1,7,50.99,87.86,167.5,167.5
BidAsks,abc12345,276,market_order,1,8,69.66,69.66,8.51,8.51
BidAsks,abc12345,277,market_order,1,8,63.43,69.66,8.77,8.77
BidAsks,abc12345,278,market_order,1,8,63.43,70.13,9.1,9.1
BidAsks,abc12345,279,market_order,1,8,62.02,70.13,14.83,14.83
BidAsks,abc12345,280,market_order,1,8,62.02,70.13,16.59,16.59
BidAsks,abc12345,281,market_order,1,8,62.02,70.13,17.62,17.62
BidAsks,abc12345,282,market_order,1,8,62.02,70.13,34.57,34.57
BidAsks,abc12345,283,market_order,1,8,62.02,70.13,51.66,51.66
BidAsks,abc12345,284,market_order,1,8,61.44,70.13,62.89,62.89
BidAsks,abc12345,285,market_order,1,8,61.44,72.22,65.79,65.79
BidAsks,abc12345,286,market_order,1,8,61.44,72.22,68.52,68.52
BidAsks,abc12345,287,market_order,1,8,61.44,72.22,79.94,79.94
BidAsks,abc12345,288,market_order,1,8,61.44,73.58,81.88,81.88
BidAsks,abc12345,289,market_order,1,8,61.44,73.58,88.74,88.74
BidAsks,abc12345,290,market_order,1,8,61.44,73.58,92.66,92.66
BidAsks,abc12345,291,market_order,1,8,61.44,74.98,100.9,100.9
BidAsks,abc12345,292,market_order,1,8,61.44,74.98,102.4,102.4
BidAsks,abc12345,293,market_order,1,8,61.44,74.98,104.78,104.78
BidAsks,abc12345,294,market_order,1,8,57.85,74.98,106.67,106.67
BidAsks,abc12345,295,market_order,1,8,57.85,74.98,113.53,113.53
BidAsks,abc12345,296,market_order,1,8,57.85,74.98,113.78,113.78
BidAsks,abc12345,297,market_order,1,8,57.85,74.98,124.42,124.42
BidAsks,abc12345,298,market_order,1,8,57.85,74.98,129.83,129.83
BidAsks,abc12345,299,market_order,1,8,57.85,74.98,142.3,142.3
BidAsks,abc12345,300,market_order,1,8,57.85,74.98,146.87,146.87
BidAsks,abc12345,301,market_order,1,8,57.85,75,159.27,159.27
BidAsks,abc12345,302,market_order,1,8,57.85,75,167.08,167.08
BidAsks,abc12345,303,market_order,1,8,57.85,75.09,167.69,167.69
BidAsks,abc12345,304,market_order,1,8,57.85,75.09,171.08,171.08
BidAsks,abc12345,305,market_order,1,8,57.85,75.09,171.95,171.95
BidAsks,abc12345,306,market_order,1,8,57.85,75.09,173.44,173.44
BidAsks,abc12345,307,market_order,1,9,68.58,68.58,2.91,2.91
BidAsks,abc12345,308,market_order,1,9,68.12,68.58,4.84,4.84
BidAsks,abc12345,309,market_order,1,9,68.12,70.99,6.88,6.88
BidAsks,abc12345,310,market_order,1,9,67.92,70.99,10.26,10.26
BidAsks,abc12345,311,market_order,1,9,66.97,70.99,15.71,15.71
BidAsks,abc12345,312,market_order,1,9,66.97,73.41,21.18,21.18
BidAsks,abc12345,313,market_order,1,9,65.5,73.41,21.24,21.24
BidAsks,abc12345,314,market_order,1,9,65.5,73.41,25.8,25.8
BidAsks,abc12345,315,market_order,1,9,63.52,73.41,26.01,26.01
BidAsks,abc12345,316,market_order,1,9,62.29,73.41,26.84,26.84
BidAsks,abc12345,317,market_order,1,9,62.29,73.41,42.79,42.79
BidAsks,abc12345,318,market_order,1,9,62.06,73.41,43.62,43.62
BidAsks,abc12345,319,market_order,1,9,62.06,73.41,43.86,43.86
BidAsks,abc12345,320,market_order,1,9,62.06,73.41,46.27,46.27
BidAsks,abc12345,321,market_order,1,9,62.06,73.41,51.63,51.63
BidAsks,abc12345,322,market_order,1,9,62.06,74.56,51.84,51.84
BidAsks,abc12345,323,market_order,1,9,62.06,74.56,54.1,54.1
BidAsks,abc12345,324,market_order,1,9,62.06,74.56,66.86,66.86
BidAsks,abc12345,325,market_order,1,9,62.06,74.56,74.07,74.07
BidAsks,abc12345,326,market_order,1,9,62.06,74.56,74.63,74.63
BidAsks,abc12345,327,market_order,1,9,62.06,74.56,76.26,76.26
BidAsks,abc12345,328,market_order,1,9,62.06,74.56,79.61,79.61
BidAsks,abc12345,329,market_order,1,9,62.06,74.65,81.08,81.08
BidAsks,abc12345,330,market_order,1,9,62.06,74.65,88.85,88.85
BidAsks,abc12345,331,market_order,1,9,62.06,74.65,91.16,91.16
BidAsks,abc12345,332,market_order,1,9,62.06,74.65,93.3,93.3
BidAsks,abc12345,333,market_order,1,9,62.06,74.65,96.94,96.94
BidAsks,abc12345,334,market_order,1,9,62.06,74.65,105.24,105.24
BidAsks,abc12345,335,market_order,1,9,61.7,74.65,108.36,108.36
BidAsks,abc12345,336,market_order,1,9,61.7,74.65,114.44,114.44
BidAsks,abc12345,337,market_order,1,9,61.7,74.65,116.94,116.94
BidAsks,abc12345,338,market_order,1,9,55,74.65,122.42,122.42
BidAsks,abc12345,339,market_order,1,9,55,74.65,124.06,124.06
BidAsks,abc12345,340,market_order,1,9,55,74.65,127.81,127.81
BidAsks,abc12345,341,market_order,1,9,55,74.65,138.91,138.91
BidAsks,abc12345,342,market_order,1,9,55,74.65,139.34,139.34
BidAsks,abc12345,343,market_order,1,9,55,74.65,145.55,145.55
BidAsks,abc12345,344,market_order,1,9,55,74.72,158.59,158.59
BidAsks,abc12345,345,market_order,1,9,55,74.72,163.03,163.03
BidAsks,abc12345,346,market_order,1,9,55,74.72,174.05,174.05
BidAsks,abc12345,347,market_order,1,10,69.16,69.16,13.37,13.37
BidAsks,abc12345,348,market_order,1,10,69.16,69.92,14.83,14.83
BidAsks,abc12345,349,market_order,1,10,67.72,69.92,15.64,15.64
BidAsks,abc12345,350,market_order,1,10,67.07,69.92,18.16,18.16
BidAsks,abc12345,351,market_order,1,10,67.07,69.92,23.68,23.68
BidAsks,abc12345,352,market_order,1,10,65.44,69.92,24.2,24.2
BidAsks,abc12345,353,market_order,1,10,63.91,69.92,24.32,24.32
BidAsks,abc12345,354,market_order,1,10,63.91,69.92,24.45,24.45
BidAsks,abc12345,355,market_order,1,10,63.91,69.92,30.02,30.02
BidAsks,abc12345,356,market_order,1,10,63.91,69.92,32.12,32.12
BidAsks,abc12345,357,market_order,1,10,63.91,69.92,35.96,35.96
BidAsks,abc12345,358,market_order,1,10,63.55,69.92,40.79,40.79
BidAsks,abc12345,359,market_order,1,10,63.55,69.92,41.01,41.01
BidAsks,abc12345,360,market_order,1,10,63.55,69.92,42.96,42.96
BidAsks,abc12345,361,market_order,1,10,63.55,69.92,49.48,49.48
BidAsks,abc12345,362,market_order,1,10,63.55,69.92,51.14,51.14
BidAsks,abc12345,363,market_order,1,10,63.55,75,54.61,54.61
BidAsks,abc12345,364,market_order,1,10,63.55,75,56.85,56.85
BidAsks,abc12345,365,market_order,1,10,63.55,75,64.44,64.44
BidAsks,abc12345,366,market_order,1,10,63.55,75,64.54,64.54
BidAsks,abc12345,367,market_order,1,10,63.55,75,70.88,70.88
BidAsks,abc12345,368,market_order,1,10,63.55,75,72.83,72.83
BidAsks,abc12345,369,market_order,1,10,63.55,75,73.07,73.07
BidAsks,abc12345,370,market_order,1,10,63.55,75,82.59,82.59
BidAsks,abc12345,371,market_order,1,10,63.55,75,82.86,82.86
BidAsks,abc12345,372,market_order,1,10,63.55,75,84.81,84.81
BidAsks,abc12345,373,market_order,1,10,63.55,75,87.47,87.47
BidAsks,abc12345,374,market_order,1,10,63.55,75,89.0,89.0
BidAsks,abc12345,375,market_order,1,10,63.55,75,91.5,91.5
BidAsks,abc12345,376,market_order,1,10,63.55,75,91.63,91.63
BidAsks,abc12345,377,market_order,1,10,63.55,75,91.77,91.77
BidAsks,abc12345,378,market_order,1,10,63.55,75,97.38,97.38
BidAsks,abc12345,379,market_order,1,10,63.55,75,101.0,101.0
BidAsks,abc12345,380,market_order,1,10,63.55,75,101.46,101.46
BidAsks,abc12345,381,market_order,1,10,63.55,75,103.69,103.69
BidAsks,abc12345,382,market_order,1,10,63.55,75,108.3,108.3
BidAsks,abc12345,383,market_order,1,10,63.55,75,110.13,110.13
BidAsks,abc12345,384,market_order,1,10,60,75,112.89,112.89
BidAsks,abc12345,385,market_order,1,10,60,75,126.03,126.03
BidAsks,abc12345,386,market_order,1,10,55,75,134.83,134.83
BidAsks,abc12345,387,market_order,1,10,55,75,139.03,139.03
BidAsks,abc12345,388,market_order,1,10,55,75,145.43,145.43
BidAsks,abc12345,389,market_order,1,10,55,75,145.83,145.83
BidAsks,abc12345,390,market_order,1,10,55,75,152.2,152.2
BidAsks,abc12345,391,market_order,1,10,55,75,154.97,154.97
BidAsks,abc12345,392,market_order,1,10,55,75,165.91,165.91
BidAsks,abc12345,393,market_order,1,10,55,75,167.45,167.45
BidAsks,abc12345,394,market_order,1,10,55,75,172.06,172.06
BidAsks,abc12345,395,market_order,1,10,55,75,172.43,172.43
